famous,alternative,district,distance_km,travel_time,reason,best_for,typical_crowd
Nainital,Naukuchiatal,Nainital,26,50 min,"Same lake experience with barely a tenth of Nainital's footfall — nine-cornered lake, cleaner water, paragliding and quiet lakeside cafes.",boating and calm lakeside stay,low
Nainital,Sattal,Nainital,23,45 min,"Chain of seven interconnected lakes inside oak forest. Kayaking and 250+ bird species instead of Mall Road traffic jams.",birding and nature walks,low
Naini Lake Boating,Bhimtal Lake,Nainital,22,45 min,"A larger lake with an island aquarium; boat queues are minutes not hours, and parking is easy even on weekends.",family boating day,low
Mall Road Mussoorie,Landour,Dehradun,5,20 min,"Colonial-era cantonment just above Mussoorie — Char Dukan cafes, silent deodar lanes and the same valley views without the Mall Road rush.",cafe walks and heritage,low
Mussoorie,Dhanaulti,Tehri,32,75 min,"Quiet deodar ridge at higher altitude with eco park, zip lines and Surkanda Devi temple; hotel rates are ~40% lower in season.",couples and peaceful stay,low
Kempty Falls,Bhatta Falls,Dehradun,12,30 min,"Locals' own waterfall with natural pools and a ropeway approach — no vendor crush, safer bathing pools for families.",waterfall picnic,low
Kempty Falls,Tiger Falls Chakrata,Dehradun,78,3 hr,"One of the highest direct waterfalls of the state (98 m) inside forest — a half-day escape with almost no queue.",offbeat day trip,low
Har Ki Pauri,Sapt Rishi Ghat,Haridwar,5,15 min,"Calmer Ganga ghat where the river splits into seven streams; you get an unhurried dip and aarti feel without the evening crush.",peaceful Ganga snan,low
Laxman Jhula and Ram Jhula,Vashishta Gufa,Rishikesh,25,50 min,"Ancient meditation cave on a silent Ganga beach upstream — the spiritual Rishikesh experience minus the market crowd.",meditation and quiet river bank,low
Ganga River Rafting,Byasi Rafting Stretch,Rishikesh,30,55 min,"Same Grade II-III rapids launched from Byasi with fewer operators on water — shorter waiting, cleaner beaches.",rafting on busy weekends,medium
Snow View Point Ropeway,Mukteshwar Dhar,Nainital,50,110 min,"Wider Himalayan panorama from Chauli ki Jali cliff, apple orchards and rappelling — no ropeway queue at all.",Himalaya views and orchards,low
Kedarnath Temple,Chopta Tungnath Trek,Rudraprayag,45,90 min,"Highest Shiva temple reached by a gentle 3.5 km trek — the Kedar-khand darshan experience when the main yatra is jammed or gate-restricted.",Shiva darshan with easy trek,medium
Jim Corbett Safari Bijrani,Sitabani Buffer Zone,Nainital,15,30 min,"Open buffer forest with no zone-permit cap — same sal forest, elephants and 300+ birds when Bijrani/Dhikala permits are sold out.",safari when permits are full,low
Auli Ropeway and Slopes,Dayara Bugyal,Uttarkashi,175,6 hr,"Vast high-altitude meadow with equally good skiing in winter and almost no commercial rush; best as an alternate 2-day plan.",meadow trek and quiet skiing,low
Valley of Flowers Trek,Chopta Meadows,Rudraprayag,190,6 hr,"Alpine flower meadows around Tungnath bloom in the same monsoon window and need no permits or long approach trek.",alpine flowers without permits,medium
Haridwar,Rishikesh Triveni Ghat,Rishikesh,25,45 min,"Evening Maha Aarti with a fraction of the Kanwar-season crush; easy parking and riverside seating.",Ganga aarti in peak season,medium
Bhimtal Lake,Khurpatal,Nainital,18,40 min,"Emerald crater-like lake famous for changing colours, ringed by paddy terraces — barely known to tourists.",photography and picnics,low
Mussoorie,George Everest Peak,Dehradun,11,35 min,"360° sunset point above Hathipaon forest — takes the sunset crowd pressure off Gun Hill and Camel's Back.",sunset without ropeway queue,low
Badrinath Temple,Jageshwar Dham,Almora,0,same-day from Almora,"When the Badrinath highway is jammed or gate-controlled, this 124-temple ancient Shiva complex in a deodar grove offers a serene major-shrine darshan with no queue at all.",ancient temple darshan,low
Badrinath Temple,Harsil Valley,Uttarkashi,0,alternate 2-day route,"Same high-Himalayan river-valley experience on the Bhagirathi with apple orchards and army-town calm — ideal when the Alaknanda yatra route is saturated.",Himalayan valley stay,low
Yamunotri Temple,Lakhamandal Temple,Dehradun,60,2.5 hr from Barkot,"Ancient Mahabharata-linked Shiva complex on the same Yamuna valley road — a meaningful darshan stop when the Yamunotri trek queue crosses 3-4 hours.",valley-side darshan,low
Gangotri Temple,Harsil Valley,Uttarkashi,25,45 min,"Just below Gangotri on the same highway — riverside deodar valley with Gartang Gali skywalk; stay here and do an early-morning darshan to skip the midday rush.",base stay to beat the rush,low
Hemkund Sahib,Deoria Tal,Rudraprayag,180,6 hr,"When Govindghat is overloaded, this short 2.5 km trek to a Chaukhamba-reflection lake delivers the high-Himalayan lake experience with a fraction of the effort and crowd.",glacial-lake trek feel,low
Har Ki Pauri,Triveni Ghat Rishikesh,Rishikesh,25,45 min,"Evening Maha Aarti on a wider ghat with easy parking — the go-to swap during Kanwar and Somvati Amavasya rushes at Haridwar.",Ganga aarti on peak days,medium
